instancia,n,tipo,optimo,t_candidatos,nn_longitud,nn_gap_%,nn_tiempo_s,greedy_longitud,greedy_gap_%,greedy_tiempo_s
a280,280,EUC_2D,2579,0.001,3370,30.67,0.0,3089,19.78,0.022
ali535,535,GEO,,0.001,253127,,0.001,237817,,0.117
att48,48,ATT,10628,0.0,12861,21.01,0.0,12727,19.75,0.001
att532,532,ATT,,0.001,35706,,0.001,34002,,0.102
bayg29,29,EXPLICIT,1610,0.0,2005,24.53,0.0,1974,22.61,0.0
bays29,29,EXPLICIT,2020,0.0,2258,11.78,0.0,2480,22.77,0.0
berlin52,52,EUC_2D,7542,0.0,8980,19.07,0.0,9951,31.94,0.001
bier127,127,EUC_2D,,0.0,135777,,0.0,141339,,0.004
brazil58,58,EXPLICIT,,0.0,30774,,0.0,30458,,0.001
brd14051,14051,EUC_2D,,0.023,578473,,0.059,539417,,0.051
brg180,180,EXPLICIT,1950,0.001,12360,533.85,0.0,37830,1840.0,0.004
burma14,14,GEO,,0.0,4048,,0.0,3889,,0.0
ch130,130,EUC_2D,6110,0.0,7578,24.03,0.0,7223,18.22,0.004
ch150,150,EUC_2D,6528,0.0,8191,25.47,0.0,7809,19.62,0.005
d1291,1291,EUC_2D,,0.002,60288,,0.001,61253,,0.746
d15112,15112,EUC_2D,,0.03,1964952,,0.076,1818233,,0.07
d1655,1655,EUC_2D,,0.003,77164,,0.002,72502,,1.43
d18512,18512,EUC_2D,,0.035,794843,,0.102,740722,,0.078
d198,198,EUC_2D,,0.0,18518,,0.0,19147,,0.009
d2103,2103,EUC_2D,,0.004,91347,,0.002,95124,,2.724
d493,493,EUC_2D,,0.001,45093,,0.001,41361,,0.088
d657,657,EUC_2D,,0.001,62176,,0.001,56612,,0.163
dantzig42,42,EXPLICIT,,0.0,956,,0.0,1003,,0.0
dsj1000,1000,CEIL_2D,,0.002,24631468,,0.002,21706226,,0.425
eil101,101,EUC_2D,629,0.0,797,26.71,0.0,783,24.48,0.003
eil51,51,EUC_2D,426,0.0,511,19.95,0.0,531,24.65,0.001
eil76,76,EUC_2D,538,0.0,664,23.42,0.0,585,8.74,0.001
fl1400,1400,EUC_2D,,0.002,27320,,0.003,24709,,0.827
fl1577,1577,EUC_2D,,0.002,29438,,0.002,25221,,1.035
fl3795,3795,EUC_2D,,0.006,34807,,0.005,33992,,0.011
fl417,417,EUC_2D,,0.001,15112,,0.001,12931,,0.049
fnl4461,4461,EUC_2D,,0.008,230111,,0.01,212155,,0.015
fri26,26,EXPLICIT,937,0.0,1106,18.04,0.0,988,5.44,0.0
gil262,262,EUC_2D,,0.001,3017,,0.0,2739,,0.018
gr120,120,EXPLICIT,6942,0.0,9021,29.95,0.0,8241,18.71,0.002
gr137,137,GEO,,0.0,93912,,0.0,79460,,0.005
gr17,17,EXPLICIT,,0.0,2187,,0.0,2189,,0.0
gr202,202,GEO,40160,0.0,49336,22.85,0.001,45926,14.36,0.011
gr21,21,EXPLICIT,,0.0,3333,,0.0,3028,,0.0
gr229,229,GEO,,0.001,162430,,0.0,163730,,0.014
gr24,24,EXPLICIT,1272,0.0,1553,22.09,0.0,1602,25.94,0.0
gr431,431,GEO,,0.001,208730,,0.001,204581,,0.061
gr48,48,EXPLICIT,5046,0.0,6098,20.85,0.0,6406,26.95,0.001
gr666,666,GEO,294358,0.001,366536,24.52,0.002,339319,15.27,0.176
gr96,96,GEO,55209,0.0,71825,30.1,0.0,62773,13.7,0.002
hk48,48,EXPLICIT,,0.0,13181,,0.0,13402,,0.001
kroA100,100,EUC_2D,21282,0.0,27807,30.66,0.0,24287,14.12,0.003
kroA150,150,EUC_2D,,0.0,33612,,0.0,31892,,0.006
kroA200,200,EUC_2D,,0.0,35794,,0.0,34554,,0.01
kroB100,100,EUC_2D,,0.0,29158,,0.0,25813,,0.002
kroB150,150,EUC_2D,,0.0,32825,,0.0,31427,,0.005
kroB200,200,EUC_2D,,0.0,36976,,0.0,35975,,0.01
kroC100,100,EUC_2D,20749,0.0,26327,26.88,0.0,23295,12.27,0.002
kroD100,100,EUC_2D,21294,0.0,26947,26.55,0.0,24448,14.81,0.003
kroE100,100,EUC_2D,,0.0,27585,,0.0,24846,,0.002
lin105,105,EUC_2D,14379,0.0,20356,41.57,0.0,16766,16.6,0.003
lin318,318,EUC_2D,,0.001,54019,,0.0,49898,,0.028
linhp318,318,EUC_2D,,0.001,57611,,0.0,52823,,0.028
nrw1379,1379,EUC_2D,,0.002,70044,,0.002,66106,,0.775
p654,654,EUC_2D,,0.001,47291,,0.001,40278,,0.137
pa561,561,EXPLICIT,2763,0.003,3586,29.79,0.001,3309,19.76,0.087
pcb1173,1173,EUC_2D,,0.002,70238,,0.002,70060,,0.589
pcb3038,3038,EUC_2D,,0.005,174731,,0.005,160549,,0.009
pcb442,442,EUC_2D,50778,0.001,60378,18.91,0.0,61076,20.28,0.062
pla33810,33810,CEIL_2D,,0.058,83095804,,0.252,74770907,,0.123
pla7397,7397,CEIL_2D,,0.012,29550260,,0.022,26489509,,0.021
pla85900,85900,CEIL_2D,,0.159,177654844,,1.849,158635759,,0.322
pr1002,1002,EUC_2D,259045,0.002,313515,21.03,0.002,308798,19.21,0.371
pr107,107,EUC_2D,,0.0,50601,,0.0,47545,,0.003
pr124,124,EUC_2D,,0.0,69297,,0.0,64998,,0.004
pr136,136,EUC_2D,,0.0,120769,,0.0,116048,,0.005
pr144,144,EUC_2D,,0.0,61652,,0.0,65844,,0.005
pr152,152,EUC_2D,,0.0,85699,,0.0,85420,,0.005
pr226,226,EUC_2D,,0.0,94617,,0.0,97601,,0.011
pr2392,2392,EUC_2D,378032,0.004,483408,27.87,0.004,453323,19.92,3.525
pr264,264,EUC_2D,,0.001,57291,,0.0,54974,,0.017
pr299,299,EUC_2D,,0.001,61217,,0.0,63333,,0.027
pr439,439,EUC_2D,,0.001,132362,,0.001,128746,,0.066
pr76,76,EUC_2D,108159,0.0,153462,41.89,0.0,147496,36.37,0.002
rat195,195,EUC_2D,,0.0,2753,,0.0,2648,,0.009
rat575,575,EUC_2D,,0.001,8710,,0.001,7858,,0.122
rat783,783,EUC_2D,,0.001,11246,,0.001,10288,,0.219
rat99,99,EUC_2D,,0.0,1558,,0.0,1440,,0.002
rd100,100,EUC_2D,7910,0.0,9938,25.64,0.0,9253,16.98,0.003
rd400,400,EUC_2D,,0.001,19176,,0.001,17272,,0.051
rl11849,11849,EUC_2D,,0.023,1119411,,0.037,1044731,,0.05
rl1304,1304,EUC_2D,,0.002,334928,,0.002,285123,,0.703
rl1323,1323,EUC_2D,,0.003,332243,,0.004,307420,,0.709
rl1889,1889,EUC_2D,,0.003,392773,,0.003,379953,,1.769
rl5915,5915,EUC_2D,,0.011,694359,,0.011,631858,,0.019
rl5934,5934,EUC_2D,,0.01,686581,,0.012,648106,,0.02
si1032,1032,EXPLICIT,,0.008,94024,,0.001,92896,,0.272
si175,175,EXPLICIT,,0.001,22404,,0.0,21957,,0.005
si535,535,EXPLICIT,,0.003,49964,,0.001,49413,,0.072
st70,70,EUC_2D,675,0.0,801,18.67,0.0,750,11.11,0.001
swiss42,42,EXPLICIT,,0.0,1630,,0.0,1434,,0.0
ts225,225,EUC_2D,,0.0,151858,,0.0,133460,,0.012
tsp225,225,EUC_2D,3916,0.0,4757,21.48,0.0,4288,9.5,0.012
u1060,1060,EUC_2D,,0.002,282358,,0.002,258947,,0.439
u1432,1432,EUC_2D,,0.002,191087,,0.002,182229,,0.788
u159,159,EUC_2D,,0.0,56064,,0.0,49589,,0.006
u1817,1817,EUC_2D,,0.003,68957,,0.002,65361,,1.381
u2152,2152,EUC_2D,,0.004,75749,,0.002,73785,,2.105
u2319,2319,EUC_2D,,0.004,290818,,0.004,260659,,2.768
u574,574,EUC_2D,,0.001,46847,,0.001,45043,,0.116
u724,724,EUC_2D,,0.001,52670,,0.001,49142,,0.179
ulysses16,16,GEO,6859,0.0,9988,45.62,0.0,8003,16.68,0.0
ulysses22,22,GEO,7013,0.0,10586,50.95,0.0,8250,17.64,0.0
usa13509,13509,EUC_2D,,0.022,25047650,,0.067,23107937,,0.069
vm1084,1084,EUC_2D,,0.002,293895,,0.002,293277,,0.441
vm1748,1748,EUC_2D,,0.003,427509,,0.003,397399,,1.39
