instance,routes,cost,time_us
A-n32-k5,5,843.688169,38.18
A-n38-k5,6,768.131804,38.22
A-n45-k7,7,1199.975963,60.31
A-n55-k9,9,1099.839531,124.76
A-n60-k9,9,1421.882601,158.10
A-n61-k9,10,1102.225752,164.64
A-n65-k9,10,1239.420282,233.73
A-n80-k10,10,1860.942498,421.63
B-n50-k7,7,748.800785,82.49
B-n52-k7,7,764.898912,103.99
B-n57-k9,9,1653.423867,136.40
B-n78-k10,10,1264.555104,375.86
E-n22-k4,4,388.772286,13.47
E-n30-k3,4,534.448236,32.94
E-n33-k4,4,843.097793,40.17
E-n51-k5,6,584.637208,93.27
E-n76-k7,7,738.132447,333.40
E-n76-k10,10,907.392376,336.86
E-n76-k14,15,1054.599368,363.32
F-n45-k4,4,739.018682,71.38
F-n72-k4,5,256.186209,290.59
F-n135-k7,7,1219.320969,1382.30
M-n101-k10,10,833.508573,687.25
M-n121-k7,7,1068.140695,1010.68
P-n22-k8,9,590.621023,13.24
P-n40-k5,5,518.372030,43.52
P-n50-k10,11,739.837582,85.78
P-n55-k15,17,978.067967,113.12
P-n65-k10,10,851.667064,196.00
P-n70-k10,11,896.862808,260.76
P-n76-k4,4,688.342812,300.75
P-n76-k5,5,709.375220,298.15
P-n101-k4,4,765.379398,691.91
